SampleID	Dataset	Project	BarcodeSequence	LinkerPrimerSequence	Sample	Plate	BarcodePlate #	Barcode Well	PCR Well	Description	[] ng/ul	SampleID_OG
ITS_TK1-100AL-R1-tf	ITS	permafrost_mix	TGCAGGGAACCG	CGGCTGCGTTCTTCATCGATGC	1	C0533580	14	A1	A1	TK1-100AL-R1-tf	56.6	TK1-100AL-R1-tf
ITS_APT-100PF-R4-tf	ITS	permafrost_mix	CAGCGCGGCTAG	CGGCTGCGTTCTTCATCGATGC	2	C0533580	14	A2	A2	APT-100PF-R4-tf	8.14	APT-100PF-R4-tf
ITS_TK1-90PF_10AL-R1-tf	ITS	permafrost_mix	ATGGACCTAGCT	CGGCTGCGTTCTTCATCGATGC	3	C0533580	14	A3	A3	TK1-90PF_10AL-R1-tf	18.9	TK1-90PF_10AL-R1-tf
ITS_APT-50PF_50AL-R3-tf	ITS	permafrost_mix	CTAGCCCGTTCG	CGGCTGCGTTCTTCATCGATGC	4	C0533580	14	A4	A4	APT-50PF_50AL-R3-tf	33	APT-50PF_50AL-R3-tf
ITS_TK1-50PF_50AL-R1-tf	ITS	permafrost_mix	ACGGGCACGACA	CGGCTGCGTTCTTCATCGATGC	5	C0533580	14	A5	A5	TK1-50PF_50AL-R1-tf	18.7	TK1-50PF_50AL-R1-tf
ITS_APT-100AL-R3-tf	ITS	permafrost_mix	TACGAGCCCTAA	CGGCTGCGTTCTTCATCGATGC	6	C0533580	14	A6	A6	APT-100AL-R3-tf	40.3	APT-100AL-R3-tf
ITS_TK1-10PF_90AL-R1-tf	ITS	permafrost_mix	CAATGGTTTCTT	CGGCTGCGTTCTTCATCGATGC	7	C0533580	14	A7	A7	TK1-10PF_90AL-R1-tf	66	TK1-10PF_90AL-R1-tf
ITS_TK1-100PF-R2-t0	ITS	permafrost_mix	ACCCAGTATGGT	CGGCTGCGTTCTTCATCGATGC	8	C0533580	14	A8	A8	TK1-100PF-R2-t0	2.29	TK1-100PF-R2-t0
ITS_APT-100PF-R3-t0	ITS	permafrost_mix	GAACAGCTCTAC	CGGCTGCGTTCTTCATCGATGC	9	C0533580	14	A9	A9	APT-100PF-R3-t0	6.22	APT-100PF-R3-t0
ITS_TK1-100AL-R3-t0	ITS	permafrost_mix	GACGACATTTAG	CGGCTGCGTTCTTCATCGATGC	10	C0533580	14	A10	A10	TK1-100AL-R3-t0	45.7	TK1-100AL-R3-t0
ITS_TK1-100AL-R2-tf	ITS	permafrost_mix	GACTGGAGATGG	CGGCTGCGTTCTTCATCGATGC	11	C0533580	14	B1	B1	TK1-100AL-R2-tf	244	TK1-100AL-R2-tf
ITS_EB-AMK-20Feb24	ITS	permafrost_mix	CGCCCGGGACAC	CGGCTGCGTTCTTCATCGATGC	12	C0533580	14	B2	B2	EB-AMK-20Feb24	_	EB-AMK-20Feb24
ITS_TK1-100PF-R1-tf	ITS	permafrost_mix	CGCTCTTAACGG	CGGCTGCGTTCTTCATCGATGC	13	C0533580	14	B3	B3	TK1-100PF-R1-tf	9.86	TK1-100PF-R1-tf
ITS_TK1-100PF-R4-tf	ITS	permafrost_mix	TATTAGCCTATC	CGGCTGCGTTCTTCATCGATGC	14	C0533580	14	B4	B4	TK1-100PF-R4-tf	13.4	TK1-100PF-R4-tf
ITS_EB-AMK-29Feb24	ITS	permafrost_mix	GTATTTCGGACG	CGGCTGCGTTCTTCATCGATGC	15	C0533580	14	B5	B5	EB-AMK-29Feb24	_	EB-AMK-29Feb24
ITS_TK1-100TZ-R1-tf	ITS	permafrost_mix	ACTAGCGTTCAG	CGGCTGCGTTCTTCATCGATGC	16	C0533580	14	B6	B6	TK1-100TZ-R1-tf	10.1	TK1-100TZ-R1-tf
ITS_TK1-10PF_90AL-R4-tf	ITS	permafrost_mix	TCCGTATGCGCC	CGGCTGCGTTCTTCATCGATGC	17	C0533580	14	B7	B7	TK1-10PF_90AL-R4-tf	75.7	TK1-10PF_90AL-R4-tf
ITS_EB-AMK-14March24	ITS	permafrost_mix	AGGTTAAGTGCT	CGGCTGCGTTCTTCATCGATGC	18	C0533580	14	B8	B8	EB-AMK-14March24	_	EB-AMK-14March24
ITS_APT-100PF-R1-t0	ITS	permafrost_mix	GATTATCGACGA	CGGCTGCGTTCTTCATCGATGC	19	C0533580	14	B9	B9	APT-100PF-R1-t0	7.45	APT-100PF-R1-t0
ITS_TK1-100AL-R4-t0	ITS	permafrost_mix	GTCCCGTGAAAT	CGGCTGCGTTCTTCATCGATGC	20	C0533580	14	B10	B10	TK1-100AL-R4-t0	40.5	TK1-100AL-R4-t0
ITS_TK1-100AL-R4-tf	ITS	permafrost_mix	CACTTCTTTGTG	CGGCTGCGTTCTTCATCGATGC	21	C0533580	14	C1	C1	TK1-100AL-R4-tf	88.9	TK1-100AL-R4-tf
ITS_TK1-100TZ-R4-tf	ITS	permafrost_mix	CTCGGATAGATC	CGGCTGCGTTCTTCATCGATGC	22	C0533580	14	C2	C2	TK1-100TZ-R4-tf	23.1	TK1-100TZ-R4-tf
ITS_APT-100PF-R2-tf	ITS	permafrost_mix	TAAACAATCAGG	CGGCTGCGTTCTTCATCGATGC	23	C0533580	14	C3	C3	APT-100PF-R2-tf	10.7	APT-100PF-R2-tf
ITS_APT-100AL-R4-tf	ITS	permafrost_mix	ACTAGACGACTA	CGGCTGCGTTCTTCATCGATGC	24	C0533580	14	C4	C4	APT-100AL-R4-tf	37.8	APT-100AL-R4-tf
ITS_TK1-100TZ-R3-tf	ITS	permafrost_mix	GTAATGCGTAAC	CGGCTGCGTTCTTCATCGATGC	25	C0533580	14	C5	C5	TK1-100TZ-R3-tf	8.97	TK1-100TZ-R3-tf
ITS_TK1-50PF_50AL-R2-tf	ITS	permafrost_mix	CGCGTTCCCAGT	CGGCTGCGTTCTTCATCGATGC	26	C0533580	14	C6	C6	TK1-50PF_50AL-R2-tf	52.3	TK1-50PF_50AL-R2-tf
ITS_TK1-10PF_90AL-R3-tf	ITS	permafrost_mix	TGTACCAACCGA	CGGCTGCGTTCTTCATCGATGC	27	C0533580	14	C7	C7	TK1-10PF_90AL-R3-tf	80.7	TK1-10PF_90AL-R3-tf
ITS_APT-100AL-R2-t0	ITS	permafrost_mix	GTATGGAGCTAT	CGGCTGCGTTCTTCATCGATGC	28	C0533580	14	C8	C8	APT-100AL-R2-t0	33.7	APT-100AL-R2-t0
ITS_APT-100TZ-R3-t0	ITS	permafrost_mix	CGGGCTTCATCA	CGGCTGCGTTCTTCATCGATGC	29	C0533580	14	C9	C9	APT-100TZ-R3-t0	9.6	APT-100TZ-R3-t0
ITS_TK1-100TZ-R1-t0	ITS	permafrost_mix	TGCCATTAGAGC	CGGCTGCGTTCTTCATCGATGC	30	C0533580	14	C10	C10	TK1-100TZ-R1-t0	7.72	TK1-100TZ-R1-t0
ITS_APT-100AL-R1-tf	ITS	permafrost_mix	TAGCGGAAGACG	CGGCTGCGTTCTTCATCGATGC	31	C0533580	14	D1	D1	APT-100AL-R1-tf	68.3	APT-100AL-R1-tf
ITS_TK1-100TZ-R2-tf	ITS	permafrost_mix	TCCATTTCATGC	CGGCTGCGTTCTTCATCGATGC	32	C0533580	14	D2	D2	TK1-100TZ-R2-tf	9.73	TK1-100TZ-R2-tf
ITS_APT-100PF-R3-tf	ITS	permafrost_mix	TAGTTACTAGTT	CGGCTGCGTTCTTCATCGATGC	33	C0533580	14	D3	D3	APT-100PF-R3-tf	10.7	APT-100PF-R3-tf
ITS_APT-90PF_10AL-R4-tf	ITS	permafrost_mix	TCACGCCGGAGG	CGGCTGCGTTCTTCATCGATGC	34	C0533580	14	D4	D4	APT-90PF_10AL-R4-tf	16.1	APT-90PF_10AL-R4-tf
ITS_APT-10PF_90AL-R4-tf	ITS	permafrost_mix	GGTCCGAAGCCG	CGGCTGCGTTCTTCATCGATGC	35	C0533580	14	D5	D5	APT-10PF_90AL-R4-tf	48.6	APT-10PF_90AL-R4-tf
ITS_TK1-100AL-R3-tf	ITS	permafrost_mix	CCGGTCCGGGCA	CGGCTGCGTTCTTCATCGATGC	36	C0533580	14	D6	D6	TK1-100AL-R3-tf	57.2	TK1-100AL-R3-tf
ITS_TK1-10PF_90AL-R2-tf	ITS	permafrost_mix	CAGCCGCATATC	CGGCTGCGTTCTTCATCGATGC	37	C0533580	14	D7	D7	TK1-10PF_90AL-R2-tf	72.4	TK1-10PF_90AL-R2-tf
ITS_APT-100AL-R4-t0	ITS	permafrost_mix	GCGTCGGTACGG	CGGCTGCGTTCTTCATCGATGC	38	C0533580	14	D8	D8	APT-100AL-R4-t0	38.3	APT-100AL-R4-t0
ITS_APT-100TZ-R4-t0	ITS	permafrost_mix	AGTGACTGTCAA	CGGCTGCGTTCTTCATCGATGC	39	C0533580	14	D9	D9	APT-100TZ-R4-t0	6.34	APT-100TZ-R4-t0
ITS_TK1-100TZ-R2-t0	ITS	permafrost_mix	CGTGTGTGCTCA	CGGCTGCGTTCTTCATCGATGC	40	C0533580	14	D10	D10	TK1-100TZ-R2-t0	8.8	TK1-100TZ-R2-t0
ITS_TK1-100PF-R2-tf	ITS	permafrost_mix	CTGTGTCCATGG	CGGCTGCGTTCTTCATCGATGC	41	C0533580	14	E1	E1	TK1-100PF-R2-tf	8.5	TK1-100PF-R2-tf
ITS_APT-100TZ-R1-tf	ITS	permafrost_mix	TGAAGTCACAGT	CGGCTGCGTTCTTCATCGATGC	42	C0533580	14	E2	E2	APT-100TZ-R1-tf	16.8	APT-100TZ-R1-tf
ITS_APT-50PF_50AL-R1-tf	ITS	permafrost_mix	GACCGATAGGGA	CGGCTGCGTTCTTCATCGATGC	43	C0533580	14	E3	E3	APT-50PF_50AL-R1-tf	36.9	APT-50PF_50AL-R1-tf
ITS_APT-50PF_50AL-R2-tf	ITS	permafrost_mix	GATGAGTCGCGG	CGGCTGCGTTCTTCATCGATGC	44	C0533580	14	E4	E4	APT-50PF_50AL-R2-tf	50.7	APT-50PF_50AL-R2-tf
ITS_APT-10PF_90AL-R3-tf	ITS	permafrost_mix	GTGCTCTGTGCC	CGGCTGCGTTCTTCATCGATGC	45	C0533580	14	E5	E5	APT-10PF_90AL-R3-tf	44.3	APT-10PF_90AL-R3-tf
ITS_TK1-50PF_50AL-R3-tf	ITS	permafrost_mix	TAACACACTTAT	CGGCTGCGTTCTTCATCGATGC	46	C0533580	14	E6	E6	TK1-50PF_50AL-R3-tf	93.4	TK1-50PF_50AL-R3-tf
ITS_APT-100TZ-R2-t0	ITS	permafrost_mix	GTGTTTAACTCT	CGGCTGCGTTCTTCATCGATGC	47	C0533580	14	E7	E7	APT-100TZ-R2-t0	8.49	APT-100TZ-R2-t0
ITS_APT-100AL-R1-t0	ITS	permafrost_mix	GCCCGACATATA	CGGCTGCGTTCTTCATCGATGC	48	C0533580	14	E8	E8	APT-100AL-R1-t0	30.7	APT-100AL-R1-t0
ITS_TK1-100PF-R1-t0	ITS	permafrost_mix	AGTACTGCCTGC	CGGCTGCGTTCTTCATCGATGC	49	C0533580	14	E9	E9	TK1-100PF-R1-t0	1.74	TK1-100PF-R1-t0
ITS_TK1-100TZ-R3-t0	ITS	permafrost_mix	AGCTAAATGGAT	CGGCTGCGTTCTTCATCGATGC	50	C0533580	14	E10	E10	TK1-100TZ-R3-t0	7.26	TK1-100TZ-R3-t0
ITS_TK1-100PF-R3-tf	ITS	permafrost_mix	TCAATACAATAT	CGGCTGCGTTCTTCATCGATGC	51	C0533580	14	F1	F1	TK1-100PF-R3-tf	14	TK1-100PF-R3-tf
ITS_APT-100TZ-R3-tf	ITS	permafrost_mix	GAATACCAAGTC	CGGCTGCGTTCTTCATCGATGC	52	C0533580	14	F2	F2	APT-100TZ-R3-tf	17.7	APT-100TZ-R3-tf
ITS_EB-AMK-27Feb24	ITS	permafrost_mix	CATGTGCTTAGG	CGGCTGCGTTCTTCATCGATGC	53	C0533580	14	F3	F3	EB-AMK-27Feb24	_	EB-AMK-27Feb24
ITS_APT-50PF_50AL-R4-tf	ITS	permafrost_mix	TGACCTCAAGAC	CGGCTGCGTTCTTCATCGATGC	54	C0533580	14	F4	F4	APT-50PF_50AL-R4-tf	34.9	APT-50PF_50AL-R4-tf
ITS_APT-10PF_90AL-R2-tf	ITS	permafrost_mix	GAACGTCCGGAG	CGGCTGCGTTCTTCATCGATGC	55	C0533580	14	F5	F5	APT-10PF_90AL-R2-tf	66.1	APT-10PF_90AL-R2-tf
ITS_EB-AMK-7March24	ITS	permafrost_mix	CTTGCATACCGG	CGGCTGCGTTCTTCATCGATGC	56	C0533580	14	F6	F6	EB-AMK-7March24	_	EB-AMK-7March24
ITS_APT-100TZ-R1-t0	ITS	permafrost_mix	CTGTCCCGCAGT	CGGCTGCGTTCTTCATCGATGC	57	C0533580	14	F7	F7	APT-100TZ-R1-t0	6.59	APT-100TZ-R1-t0
ITS_APT-100AL-R3-t0	ITS	permafrost_mix	GACGATCGGGCC	CGGCTGCGTTCTTCATCGATGC	58	C0533580	14	F8	F8	APT-100AL-R3-t0	34.9	APT-100AL-R3-t0
ITS_EB-AMK-14March242	ITS	permafrost_mix	GGTTGTAAGTGT	CGGCTGCGTTCTTCATCGATGC	59	C0533580	14	F9	F9	EB-AMK-14March24 2	_	EB-AMK-14March24 2
ITS_TK1-100TZ-R4-t0	ITS	permafrost_mix	CATGGGTGTTAC	CGGCTGCGTTCTTCATCGATGC	60	C0533580	14	F10	F10	TK1-100TZ-R4-t0	10.2	TK1-100TZ-R4-t0
ITS_APT-90PF_10AL-R1-tf	ITS	permafrost_mix	TCCTGAACACAG	CGGCTGCGTTCTTCATCGATGC	61	C0533580	14	G1	G1	APT-90PF_10AL-R1-tf	18.7	APT-90PF_10AL-R1-tf
ITS_APT-100TZ-R4-tf	ITS	permafrost_mix	TAAACGCGACTC	CGGCTGCGTTCTTCATCGATGC	62	C0533580	14	G2	G2	APT-100TZ-R4-tf	6.73	APT-100TZ-R4-tf
ITS_TK1-90PF_10AL-R3-tf	ITS	permafrost_mix	ACCTAGCTAGTG	CGGCTGCGTTCTTCATCGATGC	63	C0533580	14	G3	G3	TK1-90PF_10AL-R3-tf	16.6	TK1-90PF_10AL-R3-tf
ITS_APT-90PF_10AL-R3-tf	ITS	permafrost_mix	CCAGTTCCAAAG	CGGCTGCGTTCTTCATCGATGC	64	C0533580	14	G4	G4	APT-90PF_10AL-R3-tf	14.2	APT-90PF_10AL-R3-tf
ITS_APT-10PF_90AL-R1-tf	ITS	permafrost_mix	CAGAGTGCCGGC	CGGCTGCGTTCTTCATCGATGC	65	C0533580	14	G5	G5	APT-10PF_90AL-R1-tf	24.7	APT-10PF_90AL-R1-tf
ITS_APT-100PF-R1-tf	ITS	permafrost_mix	GGCCTGGCCTGG	CGGCTGCGTTCTTCATCGATGC	66	C0533580	14	G6	G6	APT-100PF-R1-tf	6.73	APT-100PF-R1-tf
ITS_TK1-100PF-R4-t0	ITS	permafrost_mix	AGCAAGGTCTTC	CGGCTGCGTTCTTCATCGATGC	67	C0533580	14	G7	G7	TK1-100PF-R4-t0	1.89	TK1-100PF-R4-t0
ITS_APT-100PF-R4-t0	ITS	permafrost_mix	TACCGGCTTGCA	CGGCTGCGTTCTTCATCGATGC	68	C0533580	14	G8	G8	APT-100PF-R4-t0	7	APT-100PF-R4-t0
ITS_TK1-100AL-R1-t0	ITS	permafrost_mix	AATGATAGATGC	CGGCTGCGTTCTTCATCGATGC	69	C0533580	14	G9	G9	TK1-100AL-R1-t0	33.3	TK1-100AL-R1-t0
ITS_EB-AMK-19March24	ITS	permafrost_mix	AATCAACTAGGC	CGGCTGCGTTCTTCATCGATGC	70	C0533580	14	G10	G10	EB-AMK-19March24	_	EB-AMK-19March24
ITS_APT-90PF_10AL-R2-tf	ITS	permafrost_mix	TCGGGTGAGGCC	CGGCTGCGTTCTTCATCGATGC	71	C0533580	14	H1	H1	APT-90PF_10AL-R2-tf	12.9	APT-90PF_10AL-R2-tf
ITS_APT-100TZ-R2-tf	ITS	permafrost_mix	ACGATCATCTGG	CGGCTGCGTTCTTCATCGATGC	72	C0533580	14	H2	H2	APT-100TZ-R2-tf	17.7	APT-100TZ-R2-tf
ITS_TK1-90PF_10AL-R4-tf	ITS	permafrost_mix	GTGGATAAACTC	CGGCTGCGTTCTTCATCGATGC	73	C0533580	14	H3	H3	TK1-90PF_10AL-R4-tf	29	TK1-90PF_10AL-R4-tf
ITS_TK1-90PF_10AL-R2-tf	ITS	permafrost_mix	CAAGAGCGGATG	CGGCTGCGTTCTTCATCGATGC	74	C0533580	14	H4	H4	TK1-90PF_10AL-R2-tf	27.2	TK1-90PF_10AL-R2-tf
ITS_TK1-50PF_50AL-R4-tf	ITS	permafrost_mix	GATTGAACGCTA	CGGCTGCGTTCTTCATCGATGC	75	C0533580	14	H5	H5	TK1-50PF_50AL-R4-tf	37.1	TK1-50PF_50AL-R4-tf
ITS_APT-100AL-R2-tf	ITS	permafrost_mix	GAGCACGCACGC	CGGCTGCGTTCTTCATCGATGC	76	C0533580	14	H6	H6	APT-100AL-R2-tf	45.3	APT-100AL-R2-tf
ITS_TK1-100PF-R3-t0	ITS	permafrost_mix	CGGCTACTATGC	CGGCTGCGTTCTTCATCGATGC	77	C0533580	14	H7	H7	TK1-100PF-R3-t0	2.53	TK1-100PF-R3-t0
ITS_APT-100PF-R2-t0	ITS	permafrost_mix	CAATACGACCGT	CGGCTGCGTTCTTCATCGATGC	78	C0533580	14	H8	H8	APT-100PF-R2-t0	5.85	APT-100PF-R2-t0
ITS_TK1-100AL-R2-t0	ITS	permafrost_mix	GACGAGGTCGGT	CGGCTGCGTTCTTCATCGATGC	79	C0533580	14	H9	H9	TK1-100AL-R2-t0	37.7	TK1-100AL-R2-t0
ITS_EB-AMK-19March242	ITS	permafrost_mix	ACAAGGCAAGGC	CGGCTGCGTTCTTCATCGATGC	80	C0533580	14	H10	H10	EB-AMK-19March24 2	_	EB-AMK-19March24 2
