SampleID	Dataset	Project	BarcodeSequence	LinkerPrimerSequence	Sample	Plate	BarcodePlate #	Barcode Well	[] ng/ul	Description	SampleID_OG
16S_TK1-100AL-R1-tf	16S	permafrost_mix	TAGACCGACTCC	GTGTGYCAGCMGCCGCGGTAA	1	C0533580	7	A1	56.6	TK1-100AL-R1-tf	TK1-100AL-R1-tf
16S_APT-100PF-R4-tf	16S	permafrost_mix	TGGAATTCGGCT	GTGTGYCAGCMGCCGCGGTAA	2	C0533580	7	A2	8.14	APT-100PF-R4-tf	APT-100PF-R4-tf
16S_TK1-90PF_10AL-R1-tf	16S	permafrost_mix	GAAGATCTATCG	GTGTGYCAGCMGCCGCGGTAA	3	C0533580	7	A3	18.9	TK1-90PF_10AL-R1-tf	TK1-90PF_10AL-R1-tf
16S_APT-50PF_50AL-R3-tf	16S	permafrost_mix	ATCGCCGCCTTG	GTGTGYCAGCMGCCGCGGTAA	4	C0533580	7	A4	33	APT-50PF_50AL-R3-tf	APT-50PF_50AL-R3-tf
16S_TK1-50PF_50AL-R1-tf	16S	permafrost_mix	TAGTGTCGGATC	GTGTGYCAGCMGCCGCGGTAA	5	C0533580	7	A5	18.7	TK1-50PF_50AL-R1-tf	TK1-50PF_50AL-R1-tf
16S_APT-100AL-R3-tf	16S	permafrost_mix	TCAAGCAATACG	GTGTGYCAGCMGCCGCGGTAA	6	C0533580	7	A6	40.3	APT-100AL-R3-tf	APT-100AL-R3-tf
16S_TK1-10PF_90AL-R1-tf	16S	permafrost_mix	AGGGAGCTTCGG	GTGTGYCAGCMGCCGCGGTAA	7	C0533580	7	A7	66	TK1-10PF_90AL-R1-tf	TK1-10PF_90AL-R1-tf
16S_TK1-100PF-R2-t0	16S	permafrost_mix	CTGGTAAGTCCA	GTGTGYCAGCMGCCGCGGTAA	8	C0533580	7	A8	2.29	TK1-100PF-R2-t0	TK1-100PF-R2-t0
16S_APT-100PF-R3-t0	16S	permafrost_mix	GGACTTCCAGCT	GTGTGYCAGCMGCCGCGGTAA	9	C0533580	7	A9	6.22	APT-100PF-R3-t0	APT-100PF-R3-t0
16S_TK1-100AL-R3-t0	16S	permafrost_mix	GGAGGAGCAATA	GTGTGYCAGCMGCCGCGGTAA	10	C0533580	7	A10	45.7	TK1-100AL-R3-t0	TK1-100AL-R3-t0
16S_TK1-100AL-R2-tf	16S	permafrost_mix	GGAATCCGATTA	GTGTGYCAGCMGCCGCGGTAA	11	C0533580	7	B1	244	TK1-100AL-R2-tf	TK1-100AL-R2-tf
16S_EB-AMK-20Feb24	16S	permafrost_mix	TTCCCACCCATT	GTGTGYCAGCMGCCGCGGTAA	12	C0533580	7	B2	_	EB-AMK-20Feb24	EB-AMK-20Feb24
16S_TK1-100PF-R1-tf	16S	permafrost_mix	GTCCCAGTCCCA	GTGTGYCAGCMGCCGCGGTAA	13	C0533580	7	B3	9.86	TK1-100PF-R1-tf	TK1-100PF-R1-tf
16S_TK1-100PF-R4-tf	16S	permafrost_mix	AGCCAGTCATAC	GTGTGYCAGCMGCCGCGGTAA	14	C0533580	7	B4	13.4	TK1-100PF-R4-tf	TK1-100PF-R4-tf
16S_EB-AMK-29Feb24	16S	permafrost_mix	GTGTAATGTAGA	GTGTGYCAGCMGCCGCGGTAA	15	C0533580	7	B5	_	EB-AMK-29Feb24	EB-AMK-29Feb24
16S_TK1-100TZ-R1-tf	16S	permafrost_mix	ATACTGAGTGAA	GTGTGYCAGCMGCCGCGGTAA	16	C0533580	7	B6	10.1	TK1-100TZ-R1-tf	TK1-100TZ-R1-tf
16S_TK1-10PF_90AL-R4-tf	16S	permafrost_mix	TGTATGCTTCTA	GTGTGYCAGCMGCCGCGGTAA	17	C0533580	7	B7	75.7	TK1-10PF_90AL-R4-tf	TK1-10PF_90AL-R4-tf
16S_EB-AMK-14March24	16S	permafrost_mix	GAACTCGCTATG	GTGTGYCAGCMGCCGCGGTAA	18	C0533580	7	B8	_	EB-AMK-14March24	EB-AMK-14March24
16S_APT-100PF-R1-t0	16S	permafrost_mix	CGATATCAGTAG	GTGTGYCAGCMGCCGCGGTAA	19	C0533580	7	B9	7.45	APT-100PF-R1-t0	APT-100PF-R1-t0
16S_TK1-100AL-R4-t0	16S	permafrost_mix	TCGTAGTAATGG	GTGTGYCAGCMGCCGCGGTAA	20	C0533580	7	B10	40.5	TK1-100AL-R4-t0	TK1-100AL-R4-t0
16S_TK1-100AL-R4-tf	16S	permafrost_mix	TCCGACCCGATC	GTGTGYCAGCMGCCGCGGTAA	21	C0533580	7	C1	88.9	TK1-100AL-R4-tf	TK1-100AL-R4-tf
16S_TK1-100TZ-R4-tf	16S	permafrost_mix	CCGCATGACCTA	GTGTGYCAGCMGCCGCGGTAA	22	C0533580	7	C2	23.1	TK1-100TZ-R4-tf	TK1-100TZ-R4-tf
16S_APT-100PF-R2-tf	16S	permafrost_mix	CACTAGACCCAC	GTGTGYCAGCMGCCGCGGTAA	23	C0533580	7	C3	10.7	APT-100PF-R2-tf	APT-100PF-R2-tf
16S_APT-100AL-R4-tf	16S	permafrost_mix	AGTAATAACAAG	GTGTGYCAGCMGCCGCGGTAA	24	C0533580	7	C4	37.8	APT-100AL-R4-tf	APT-100AL-R4-tf
16S_TK1-100TZ-R3-tf	16S	permafrost_mix	CTTCTTCGCCCT	GTGTGYCAGCMGCCGCGGTAA	25	C0533580	7	C5	8.97	TK1-100TZ-R3-tf	TK1-100TZ-R3-tf
16S_TK1-50PF_50AL-R2-tf	16S	permafrost_mix	TACACGCTGATG	GTGTGYCAGCMGCCGCGGTAA	26	C0533580	7	C6	52.3	TK1-50PF_50AL-R2-tf	TK1-50PF_50AL-R2-tf
16S_TK1-10PF_90AL-R3-tf	16S	permafrost_mix	GACGTCCCTCCA	GTGTGYCAGCMGCCGCGGTAA	27	C0533580	7	C7	80.7	TK1-10PF_90AL-R3-tf	TK1-10PF_90AL-R3-tf
16S_APT-100AL-R2-t0	16S	permafrost_mix	TATTCTACATGA	GTGTGYCAGCMGCCGCGGTAA	28	C0533580	7	C8	33.7	APT-100AL-R2-t0	APT-100AL-R2-t0
16S_APT-100TZ-R3-t0	16S	permafrost_mix	GAGGCGCCATAG	GTGTGYCAGCMGCCGCGGTAA	29	C0533580	7	C9	9.6	APT-100TZ-R3-t0	APT-100TZ-R3-t0
16S_TK1-100TZ-R1-t0	16S	permafrost_mix	GCAGAGAGGCTA	GTGTGYCAGCMGCCGCGGTAA	30	C0533580	7	C10	7.72	TK1-100TZ-R1-t0	TK1-100TZ-R1-t0
16S_APT-100AL-R1-tf	16S	permafrost_mix	TCACTGCTAGGA	GTGTGYCAGCMGCCGCGGTAA	31	C0533580	7	D1	68.3	APT-100AL-R1-tf	APT-100AL-R1-tf
16S_TK1-100TZ-R2-tf	16S	permafrost_mix	GGTCCTTCCCGA	GTGTGYCAGCMGCCGCGGTAA	32	C0533580	7	D2	9.73	TK1-100TZ-R2-tf	TK1-100TZ-R2-tf
16S_APT-100PF-R3-tf	16S	permafrost_mix	CGGTAGTTGATC	GTGTGYCAGCMGCCGCGGTAA	33	C0533580	7	D3	10.7	APT-100PF-R3-tf	APT-100PF-R3-tf
16S_APT-90PF_10AL-R4-tf	16S	permafrost_mix	TGGTTTCGAAGA	GTGTGYCAGCMGCCGCGGTAA	34	C0533580	7	D4	16.1	APT-90PF_10AL-R4-tf	APT-90PF_10AL-R4-tf
16S_APT-10PF_90AL-R4-tf	16S	permafrost_mix	CCGAAACGGAGC	GTGTGYCAGCMGCCGCGGTAA	35	C0533580	7	D5	48.6	APT-10PF_90AL-R4-tf	APT-10PF_90AL-R4-tf
16S_TK1-100AL-R3-tf	16S	permafrost_mix	TCTCCTAGGCGC	GTGTGYCAGCMGCCGCGGTAA	36	C0533580	7	D6	57.2	TK1-100AL-R3-tf	TK1-100AL-R3-tf
16S_TK1-10PF_90AL-R2-tf	16S	permafrost_mix	GTTTGCTCGAGA	GTGTGYCAGCMGCCGCGGTAA	37	C0533580	7	D7	72.4	TK1-10PF_90AL-R2-tf	TK1-10PF_90AL-R2-tf
16S_APT-100AL-R4-t0	16S	permafrost_mix	TCGATAAGTAAG	GTGTGYCAGCMGCCGCGGTAA	38	C0533580	7	D8	38.3	APT-100AL-R4-t0	APT-100AL-R4-t0
16S_APT-100TZ-R4-t0	16S	permafrost_mix	AATCTCTATAAC	GTGTGYCAGCMGCCGCGGTAA	39	C0533580	7	D9	6.34	APT-100TZ-R4-t0	APT-100TZ-R4-t0
16S_TK1-100TZ-R2-t0	16S	permafrost_mix	GAGTCCGTTGCT	GTGTGYCAGCMGCCGCGGTAA	40	C0533580	7	D10	8.8	TK1-100TZ-R2-t0	TK1-100TZ-R2-t0
16S_TK1-100PF-R2-tf	16S	permafrost_mix	ACATCAGGTCAC	GTGTGYCAGCMGCCGCGGTAA	41	C0533580	7	E1	8.5	TK1-100PF-R2-tf	TK1-100PF-R2-tf
16S_APT-100TZ-R1-tf	16S	permafrost_mix	CAGACCGGACGA	GTGTGYCAGCMGCCGCGGTAA	42	C0533580	7	E2	16.8	APT-100TZ-R1-tf	APT-100TZ-R1-tf
16S_APT-50PF_50AL-R1-tf	16S	permafrost_mix	AGTTATTCTAGT	GTGTGYCAGCMGCCGCGGTAA	43	C0533580	7	E3	36.9	APT-50PF_50AL-R1-tf	APT-50PF_50AL-R1-tf
16S_APT-50PF_50AL-R2-tf	16S	permafrost_mix	GTAGGTGCTTAC	GTGTGYCAGCMGCCGCGGTAA	44	C0533580	7	E4	50.7	APT-50PF_50AL-R2-tf	APT-50PF_50AL-R2-tf
16S_APT-10PF_90AL-R3-tf	16S	permafrost_mix	GTGGGCGGCCCT	GTGTGYCAGCMGCCGCGGTAA	45	C0533580	7	E5	44.3	APT-10PF_90AL-R3-tf	APT-10PF_90AL-R3-tf
16S_TK1-50PF_50AL-R3-tf	16S	permafrost_mix	AGTCTTAAAGGA	GTGTGYCAGCMGCCGCGGTAA	46	C0533580	7	E6	93.4	TK1-50PF_50AL-R3-tf	TK1-50PF_50AL-R3-tf
16S_APT-100TZ-R2-t0	16S	permafrost_mix	GTCTGACGGTCT	GTGTGYCAGCMGCCGCGGTAA	47	C0533580	7	E7	8.49	APT-100TZ-R2-t0	APT-100TZ-R2-t0
16S_APT-100AL-R1-t0	16S	permafrost_mix	CCATAGGAGGCG	GTGTGYCAGCMGCCGCGGTAA	48	C0533580	7	E8	30.7	APT-100AL-R1-t0	APT-100AL-R1-t0
16S_TK1-100PF-R1-t0	16S	permafrost_mix	GTGGCGCATGGA	GTGTGYCAGCMGCCGCGGTAA	49	C0533580	7	E9	1.74	TK1-100PF-R1-t0	TK1-100PF-R1-t0
16S_TK1-100TZ-R3-t0	16S	permafrost_mix	CAACTTAATGTT	GTGTGYCAGCMGCCGCGGTAA	50	C0533580	7	E10	7.26	TK1-100TZ-R3-t0	TK1-100TZ-R3-t0
16S_TK1-100PF-R3-tf	16S	permafrost_mix	AGCTATGTATGG	GTGTGYCAGCMGCCGCGGTAA	51	C0533580	7	F1	14	TK1-100PF-R3-tf	TK1-100PF-R3-tf
16S_APT-100TZ-R3-tf	16S	permafrost_mix	TTCCGAATCGGC	GTGTGYCAGCMGCCGCGGTAA	52	C0533580	7	F2	17.7	APT-100TZ-R3-tf	APT-100TZ-R3-tf
16S_EB-AMK-27Feb24	16S	permafrost_mix	CACATTCTATAA	GTGTGYCAGCMGCCGCGGTAA	53	C0533580	7	F3	_	EB-AMK-27Feb24	EB-AMK-27Feb24
16S_APT-50PF_50AL-R4-tf	16S	permafrost_mix	CGGCGATGAAAG	GTGTGYCAGCMGCCGCGGTAA	54	C0533580	7	F4	34.9	APT-50PF_50AL-R4-tf	APT-50PF_50AL-R4-tf
16S_APT-10PF_90AL-R2-tf	16S	permafrost_mix	GTTGGGATCCTC	GTGTGYCAGCMGCCGCGGTAA	55	C0533580	7	F5	66.1	APT-10PF_90AL-R2-tf	APT-10PF_90AL-R2-tf
16S_EB-AMK-7March24	16S	permafrost_mix	TAATCATGTAAT	GTGTGYCAGCMGCCGCGGTAA	56	C0533580	7	F6	_	EB-AMK-7March24	EB-AMK-7March24
16S_APT-100TZ-R1-t0	16S	permafrost_mix	GAGTTCCATTGG	GTGTGYCAGCMGCCGCGGTAA	57	C0533580	7	F7	6.59	APT-100TZ-R1-t0	APT-100TZ-R1-t0
16S_APT-100AL-R3-t0	16S	permafrost_mix	GCCGCGGGATCA	GTGTGYCAGCMGCCGCGGTAA	58	C0533580	7	F8	34.9	APT-100AL-R3-t0	APT-100AL-R3-t0
16S_EB-AMK-14March242	16S	permafrost_mix	CGTGTTATGTGG	GTGTGYCAGCMGCCGCGGTAA	59	C0533580	7	F9	_	EB-AMK-14March24 2	EB-AMK-14March24 2
16S_TK1-100TZ-R4-t0	16S	permafrost_mix	CTGTACTTCTAA	GTGTGYCAGCMGCCGCGGTAA	60	C0533580	7	F10	10.2	TK1-100TZ-R4-t0	TK1-100TZ-R4-t0
16S_APT-90PF_10AL-R1-tf	16S	permafrost_mix	AATGACCTCGTG	GTGTGYCAGCMGCCGCGGTAA	61	C0533580	7	G1	18.7	APT-90PF_10AL-R1-tf	APT-90PF_10AL-R1-tf
16S_APT-100TZ-R4-tf	16S	permafrost_mix	GCATGTCGAAAT	GTGTGYCAGCMGCCGCGGTAA	62	C0533580	7	G2	6.73	APT-100TZ-R4-tf	APT-100TZ-R4-tf
16S_TK1-90PF_10AL-R3-tf	16S	permafrost_mix	GCGTTAACCCAA	GTGTGYCAGCMGCCGCGGTAA	63	C0533580	7	G3	16.6	TK1-90PF_10AL-R3-tf	TK1-90PF_10AL-R3-tf
16S_APT-90PF_10AL-R3-tf	16S	permafrost_mix	GACCACTGCTGT	GTGTGYCAGCMGCCGCGGTAA	64	C0533580	7	G4	14.2	APT-90PF_10AL-R3-tf	APT-90PF_10AL-R3-tf
16S_APT-10PF_90AL-R1-tf	16S	permafrost_mix	TTCACGCGCCCA	GTGTGYCAGCMGCCGCGGTAA	65	C0533580	7	G5	24.7	APT-10PF_90AL-R1-tf	APT-10PF_90AL-R1-tf
16S_APT-100PF-R1-tf	16S	permafrost_mix	TAGGCGGTAGGC	GTGTGYCAGCMGCCGCGGTAA	66	C0533580	7	G6	6.73	APT-100PF-R1-tf	APT-100PF-R1-tf
16S_TK1-100PF-R4-t0	16S	permafrost_mix	ACACTCATTACT	GTGTGYCAGCMGCCGCGGTAA	67	C0533580	7	G7	1.89	TK1-100PF-R4-t0	TK1-100PF-R4-t0
16S_APT-100PF-R4-t0	16S	permafrost_mix	TCTTAAGATTTG	GTGTGYCAGCMGCCGCGGTAA	68	C0533580	7	G8	7	APT-100PF-R4-t0	APT-100PF-R4-t0
16S_TK1-100AL-R1-t0	16S	permafrost_mix	AAGTAGGAAGGA	GTGTGYCAGCMGCCGCGGTAA	69	C0533580	7	G9	33.3	TK1-100AL-R1-t0	TK1-100AL-R1-t0
16S_EB-AMK-19March24	16S	permafrost_mix	GGCCCTGTGGGC	GTGTGYCAGCMGCCGCGGTAA	70	C0533580	7	G10	_	EB-AMK-19March24	EB-AMK-19March24
16S_APT-90PF_10AL-R2-tf	16S	permafrost_mix	AAGGGTTAGTCT	GTGTGYCAGCMGCCGCGGTAA	71	C0533580	7	H1	12.9	APT-90PF_10AL-R2-tf	APT-90PF_10AL-R2-tf
16S_APT-100TZ-R2-tf	16S	permafrost_mix	ACGCGAACTAAT	GTGTGYCAGCMGCCGCGGTAA	72	C0533580	7	H2	17.7	APT-100TZ-R2-tf	APT-100TZ-R2-tf
16S_TK1-90PF_10AL-R4-tf	16S	permafrost_mix	TTCGACTAATAT	GTGTGYCAGCMGCCGCGGTAA	73	C0533580	7	H3	29	TK1-90PF_10AL-R4-tf	TK1-90PF_10AL-R4-tf
16S_TK1-90PF_10AL-R2-tf	16S	permafrost_mix	AATCATTTGTAA	GTGTGYCAGCMGCCGCGGTAA	74	C0533580	7	H4	27.2	TK1-90PF_10AL-R2-tf	TK1-90PF_10AL-R2-tf
16S_TK1-50PF_50AL-R4-tf	16S	permafrost_mix	TATGCTCTCTCA	GTGTGYCAGCMGCCGCGGTAA	75	C0533580	7	H5	37.1	TK1-50PF_50AL-R4-tf	TK1-50PF_50AL-R4-tf
16S_APT-100AL-R2-tf	16S	permafrost_mix	TCATTCCACTCA	GTGTGYCAGCMGCCGCGGTAA	76	C0533580	7	H6	45.3	APT-100AL-R2-tf	APT-100AL-R2-tf
16S_TK1-100PF-R3-t0	16S	permafrost_mix	CAGAAATGTGTC	GTGTGYCAGCMGCCGCGGTAA	77	C0533580	7	H7	2.53	TK1-100PF-R3-t0	TK1-100PF-R3-t0
16S_APT-100PF-R2-t0	16S	permafrost_mix	CTTATAGAGAAG	GTGTGYCAGCMGCCGCGGTAA	78	C0533580	7	H8	5.85	APT-100PF-R2-t0	APT-100PF-R2-t0
16S_TK1-100AL-R2-t0	16S	permafrost_mix	ATGCGCCCGTAT	GTGTGYCAGCMGCCGCGGTAA	79	C0533580	7	H9	37.7	TK1-100AL-R2-t0	TK1-100AL-R2-t0
16S_EB-AMK-19March242	16S	permafrost_mix	GCATCGTCTGGT	GTGTGYCAGCMGCCGCGGTAA	80	C0533580	7	H10	_	EB-AMK-19March24 2	EB-AMK-19March24 2
